2.bZrbIzCvr.I,2.bTwZSqoUAmc,7
2.bZrbIzCvr.I,2.RwzHHy9y9uI,8
2.bTwZSqoUAmc,2.RwzHHy9y9uI,5
2.INQ5l4phVxc,2.1Yxde3u58Xs,6
2.bTwZSqoUAmc,2.OiA3.LnEVsw,1
2.bTwZSqoUAmc,2.vPYZOAL385M,5
2.bTwZSqoUAmc,2.tJdfPwHUpXs,8
2.bTwZSqoUAmc,2.vbI.04eJ6d2,6
2.OiA3.LnEVsw,2.RwzHHy9y9uI,9
2.tJdfPwHUpXs,2.bTwZSqoUAmc,7
2.tJdfPwHUpXs,2.iyzjaqwLpEM,10
2.uWVkrLc222k,2.vbI.04eJ6d2,5
2.uWVkrLc222k,2.RwzHHy9y9uI,8
2.uWVkrLc222k,2.pdXHTQ26uMU,9
2.pdXHTQ26uMU,2.RwzHHy9y9uI,8
2.vbI.04eJ6d2,2.RwzHHy9y9uI,7
2.vbI.04eJ6d2,2.bTwZSqoUAmc,8
2.vbI.04eJ6d2,2.bZrbIzCvr.I,3
2.1Yxde3u58Xs,2.INQ5l4phVxc,8
2.g2F8tPGrYLE,2.XcO4.xOcZxU,6
2.KTKW0QgLsic,2.doEa2tcX3os,1
2.uWVkrLc222k,2.bZrbIzCvr.I,8
2.RwzHHy9y9uI,2.pdXHTQ26uMU,6
2.7UN1nrkQrn6,2.Ya52e0Q6h9g,10
2.RwzHHy9y9uI,2.uWVkrLc222k,4
2.bTwZSqoUAmc,2.jrnj6dfBBEQ,8
2.bTwZSqoUAmc,2.PZRLiHyktFE,8
2.HLQnDUqMJ7w,2.e6fBNaSHJGA,10
2.9HUGMDrMzEk,2.RwzHHy9y9uI,10
2.fhlfxR/wlBg,2.RwzHHy9y9uI,10
2.fhlfxR/wlBg,2.9HUGMDrMzEk,6
2.fVhu.ix64wE,2.RwzHHy9y9uI,7
2.fVhu.ix64wE,2.pdXHTQ26uMU,4
2.fVhu.ix64wE,2.uWVkrLc222k,6
2.8vwCFYJ83XM,2.RwzHHy9y9uI,6
2..Sl/.bmqQLs,2.ZvGqLcz2ziE,6
2.Gy6CsbFkchA,2.e6fBNaSHJGA,8
2.e6fBNaSHJGA,2.Gy6CsbFkchA,7
2.e6fBNaSHJGA,2.8vwCFYJ83XM,6
2.xUq4XJ3yz4c,2.V1p2PqN713o,6
2.DuSx73Au3bA,2.bTwZSqoUAmc,7
2.u07RZcxG3c2,2.vbI.04eJ6d2,10
2.8vwCFYJ83XM,2.e6fBNaSHJGA,6
2.3sycGYLji2w,2.IVu6iIqOZh2,5
2.vbI.04eJ6d2,2.u07RZcxG3c2,8
2.pC7vpW4tVCE,2.Gy6CsbFkchA,8
2.u07RZcxG3c2,2.ZaVILfwLboQ,7
2.41ZUOnbAq2s,2.uWsxQACWo2o,10
2.j23XplYU4LM,2.BWgLW7Oj2Tw,8
2.RwzHHy9y9uI,2.fhlfxR/wlBg,1
2.vbI.04eJ6d2,2.uWVkrLc222k,2
2.F4n63x0TSpg,2.MUzn1ezw236,10
2.ZvGqLcz2ziE,2..Sl/.bmqQLs,3
2.KTKW0QgLsic,2.ApEwdcscbGY,7
2.RwzHHy9y9uI,2.OiA3.LnEVsw,9
2.F5Pw1q4XWuU,2.iyzjaqwLpEM,5
2.F5Pw1q4XWuU,2.tJdfPwHUpXs,5
2.KTKW0QgLsic,2.7hjH0uecXF6,6
2.WD0JZiyqZ5.,2.F5Pw1q4XWuU,5
2.F5Pw1q4XWuU,2.WD0JZiyqZ5.,5
2.F4n63x0TSpg,2.MaxnpSGpEoo,7
2.WD0JZiyqZ5.,2.3OJxE7vc8zQ,5
2.eOiMH/jd9so,2.tJdfPwHUpXs,3
2.eOiMH/jd9so,2.iyzjaqwLpEM,7
2.eOiMH/jd9so,2.F5Pw1q4XWuU,5
2.eOiMH/jd9so,2.WD0JZiyqZ5.,4
2.WD0JZiyqZ5.,2.eOiMH/jd9so,7
2.czFTtewNxd6,2.eOiMH/jd9so,5
2.u07RZcxG3c2,2.5R7UDEXSS5s,7
2.bTwZSqoUAmc,2.bZrbIzCvr.I,3
2.bTwZSqoUAmc,2.DuSx73Au3bA,8
2.KTKW0QgLsic,2.XPfBhrxjPpw,4
2.doEa2tcX3os,2.KTKW0QgLsic,10
2.RwzHHy9y9uI,2.bZrbIzCvr.I,5
2.RwzHHy9y9uI,2.TOQyRuJVHds,4
2.7n.r.yswPhQ,2.SgHpt.SYszw,4
2.16Oc0v1mklk,2.v7ooB69Bfao,8
2.v7ooB69Bfao,2.16Oc0v1mklk,7
2.bTwZSqoUAmc,2.8vwCFYJ83XM,5
2.eOiMH/jd9so,2.czFTtewNxd6,7
2.F5Pw1q4XWuU,2.eOiMH/jd9so,6
2.3OJxE7vc8zQ,2.nMElCqzZlTA,5
2.X1kQ15.MUcY,2.3OJxE7vc8zQ,1
2.rHehEX8vS1Y,2.bTwZSqoUAmc,7
2.bTwZSqoUAmc,2.rHehEX8vS1Y,2
2.88/Pr5ylDx6,2.oswzVXKYGOY,6
2.16Oc0v1mklk,2.F5Pw1q4XWuU,6
2.yLw9IZqlxjw,2.AGogx8hgdCw,8
2.yLw9IZqlxjw,2.JbNsDVnpEjA,10
2.SYMrjY2n.5c,2.RwzHHy9y9uI,6
2.SYMrjY2n.5c,2.bZrbIzCvr.I,2
2.SYMrjY2n.5c,2.pdXHTQ26uMU,8
2.SYMrjY2n.5c,2.bTwZSqoUAmc,1
2.RwzHHy9y9uI,2.djl497KUePs,10
2.8qGt3N55N/g,2.3OJxE7vc8zQ,9
2.bTwZSqoUAmc,2.SYMrjY2n.5c,1
2.DuSx73Au3bA,2.vbI.04eJ6d2,5
2.DuSx73Au3bA,2.RwzHHy9y9uI,5
2.DuSx73Au3bA,2.pdXHTQ26uMU,3
2.DuSx73Au3bA,2.bZrbIzCvr.I,2
2.TTxBcbHWEys,2.bTwZSqoUAmc,2
2.vPYZOAL385M,2.bTwZSqoUAmc,10
2.fcGIa28r0vA,2.7UN1nrkQrn6,10
2.jrnj6dfBBEQ,2.vPYZOAL385M,10
2.vPYZOAL385M,2.jrnj6dfBBEQ,10
2.bTwZSqoUAmc,2.TTxBcbHWEys,4
2.tJdfPwHUpXs,2.eOiMH/jd9so,7
2.uWVkrLc222k,2.TTxBcbHWEys,2
2.uWVkrLc222k,2.fVhu.ix64wE,8
2.bTwZSqoUAmc,2.Nhp6.NfWej6,7
2.3OJxE7vc8zQ,2.8qGt3N55N/g,5
2.n98E0W4Uz9o,2.TUr1i9Wnqvw,7
2.n98E0W4Uz9o,2.kGQGbDGGhKc,3
2.tx/brd3qQ1c,2.F5Pw1q4XWuU,6
2.RwzHHy9y9uI,2.n98E0W4Uz9o,9
2.0Z4XZC/FUVA,2.WD0JZiyqZ5.,8
2.WD0JZiyqZ5.,2.0Z4XZC/FUVA,7
2.RwzHHy9y9uI,2.edN1ymf/xOo,6
2.xIqTJGi6Am6,2.WD0JZiyqZ5.,4
2.xIqTJGi6Am6,2.16Oc0v1mklk,6
2.pPx0dc6qjgg,2.WD0JZiyqZ5.,7
2.Y4vWhUhK5/6,2.tJdfPwHUpXs,6
2.VVSfvZQDjiY,2.tJdfPwHUpXs,10
2.VVSfvZQDjiY,2.bTwZSqoUAmc,10
2.VVSfvZQDjiY,2.DuSx73Au3bA,10
2.VVSfvZQDjiY,2.iyzjaqwLpEM,10
2.VVSfvZQDjiY,2.TTxBcbHWEys,10
2.WD0JZiyqZ5.,2.xIqTJGi6Am6,7
2.VVSfvZQDjiY,2.g7zkvUtiiVg,8
2.XbOZRcN0tvQ,2.VVSfvZQDjiY,8
2.jaeromvfHzQ,2.Dm1o7wSOLeU,10
2.VVSfvZQDjiY,2.XbOZRcN0tvQ,7
2.8vwCFYJ83XM,2.16Oc0v1mklk,7
2.8vwCFYJ83XM,2.uWVkrLc222k,6
2.8vwCFYJ83XM,2.v7ooB69Bfao,7
2.o2T3agNiH9k,2.RwzHHy9y9uI,8
2.o2T3agNiH9k,2.xmfOKfvkIZc,8
2.8vwCFYJ83XM,2.T2FTafAjvH.,8
2.jaeromvfHzQ,2.sQzk8o1IC/w,10
2.DD6dQ1rWbjU,2.bTwZSqoUAmc,8
2.7UN1nrkQrn6,2.fcGIa28r0vA,10
2.DD6dQ1rWbjU,2.RwzHHy9y9uI,7
2.DD6dQ1rWbjU,2.DuSx73Au3bA,7
2.DD6dQ1rWbjU,2.8vwCFYJ83XM,7
2.DD6dQ1rWbjU,2.iCQQYd6CL8Y,7
2.vbI.04eJ6d2,2.DuSx73Au3bA,8
2.1E78waQgxPU,2.DD6dQ1rWbjU,10
2.DD6dQ1rWbjU,2.1E78waQgxPU,10
2.RwzHHy9y9uI,2.RFg4nPvCBXA,9
2.3OJxE7vc8zQ,2.X1kQ15.MUcY,6
2.ax5vwRywujY,2.DD6dQ1rWbjU,7
2.ax5vwRywujY,2.1E78waQgxPU,7
2.bTwZSqoUAmc,2.DD6dQ1rWbjU,5
2.bTwZSqoUAmc,2.1E78waQgxPU,4
2.Ya52e0Q6h9g,2.7UN1nrkQrn6,7
2.8vwCFYJ83XM,2.DD6dQ1rWbjU,7
2.8vwCFYJ83XM,2.bTwZSqoUAmc,5
2.pdXHTQ26uMU,2.bTwZSqoUAmc,7
2.pdXHTQ26uMU,2.DuSx73Au3bA,7
2.pdXHTQ26uMU,2.bZrbIzCvr.I,7
2.pdXHTQ26uMU,2.SYMrjY2n.5c,7
2.8vwCFYJ83XM,2.DuSx73Au3bA,4
2.pdXHTQ26uMU,2.8vwCFYJ83XM,8
2.pdXHTQ26uMU,2.DD6dQ1rWbjU,6
2.8vwCFYJ83XM,2.JbNsDVnpEjA,8
2.OiA3.LnEVsw,2.djl497KUePs,8
2.OiA3.LnEVsw,2.o2T3agNiH9k,5
2.OiA3.LnEVsw,2.n98E0W4Uz9o,7
2.pdXHTQ26uMU,2.uWVkrLc222k,7
2.xv5SId4fB3E,2.F4n63x0TSpg,8
2.F4n63x0TSpg,2.xv5SId4fB3E,10
2.pdXHTQ26uMU,2.fVhu.ix64wE,6
2.F4n63x0TSpg,2.ccLLMWsPpRQ,3
2.pdXHTQ26uMU,2.iCQQYd6CL8Y,7
2.X0hwTIBYxCw,2.pdXHTQ26uMU,8
2.TUOzBj4EV.6,2.pdXHTQ26uMU,9
2.pdXHTQ26uMU,2.TUOzBj4EV.6,8
2.pdXHTQ26uMU,2.X0hwTIBYxCw,8
2.bTwZSqoUAmc,2.MhQwRGpPiFs,10
2.jOK/l7tl0fY,2.pdXHTQ26uMU,6
2.pdXHTQ26uMU,2.jOK/l7tl0fY,9
2.MhQwRGpPiFs,2.bTwZSqoUAmc,9
2.MhQwRGpPiFs,2.DuSx73Au3bA,6
2.F4n63x0TSpg,2.J2nNzvD/iTk,7
2.DD6dQ1rWbjU,2.ax5vwRywujY,10
2.MhQwRGpPiFs,2.Nhp6.NfWej6,7
2.F4n63x0TSpg,2.ofG6ttqRAJc,5
2.MhQwRGpPiFs,2.1ThVvQxk9Tw,5
2.jOK/l7tl0fY,2.7zlCDpYC5U.,5
2.vbI.04eJ6d2,2.DD6dQ1rWbjU,7
2.OiA3.LnEVsw,2.bTwZSqoUAmc,6
2.RwzHHy9y9uI,2.4ABxdaxmZMw,8
2.c/I/Xj7epxI,2.DD6dQ1rWbjU,10
2.c/I/Xj7epxI,2.1E78waQgxPU,9
2.ejeUtW.HXRs,2.FL9.xDufZ52,8
2.DD6dQ1rWbjU,2.c/I/Xj7epxI,10
2.s5RY4tydbBM,2.ejeUtW.HXRs,5
2.FL9.xDufZ52,2.ejeUtW.HXRs,8
2.uWVkrLc222k,2.8vwCFYJ83XM,9
2.uWVkrLc222k,2.T2FTafAjvH.,5
2.4nRvqHQ8kBA,2.NDos/H.6.WU,7
2.B09PvxiO/WY,2.iCQQYd6CL8Y,9
2.OiA3.LnEVsw,2.uJL5PP82OFc,6
2.QxAK2aOJotg,2.RwzHHy9y9uI,7
2.QxAK2aOJotg,2.xmfOKfvkIZc,8
2.QxAK2aOJotg,2.o2T3agNiH9k,6
2.QxAK2aOJotg,2.fVhu.ix64wE,4
2.QxAK2aOJotg,2.8vwCFYJ83XM,7
2.4nRvqHQ8kBA,2.uSzZ0PwxWJI,4
2.qms724svUo6,2.QxAK2aOJotg,8
2.QxAK2aOJotg,2.qms724svUo6,7
2.B8VZOerNn/g,2.QxAK2aOJotg,7
2.QxAK2aOJotg,2.B8VZOerNn/g,7
2.QxAK2aOJotg,2.SYMrjY2n.5c,5
2.3pqw9a0VppE,2.4nRvqHQ8kBA,4
2.B09PvxiO/WY,2.RwzHHy9y9uI,9
2.YNE5Gq/xdMU,2.RwzHHy9y9uI,7
2.YNE5Gq/xdMU,2.o2T3agNiH9k,8
2.YNE5Gq/xdMU,2.QxAK2aOJotg,9
2.YNE5Gq/xdMU,2.xmfOKfvkIZc,6
2.YNE5Gq/xdMU,2.JbNsDVnpEjA,8
2.YNE5Gq/xdMU,2.8vwCFYJ83XM,7
2.YNE5Gq/xdMU,2.DD6dQ1rWbjU,6
2.YNE5Gq/xdMU,2.1E78waQgxPU,8
2.YNE5Gq/xdMU,2.7zlCDpYC5U.,5
2.YNE5Gq/xdMU,2.SYMrjY2n.5c,8
2.YNE5Gq/xdMU,2.bZrbIzCvr.I,7
2.YNE5Gq/xdMU,2.pdXHTQ26uMU,6
2.YNE5Gq/xdMU,2.fVhu.ix64wE,8
2.YNE5Gq/xdMU,2.MLgBmJKI/E6,9
2.YNE5Gq/xdMU,2.bTwZSqoUAmc,4
2.QxAK2aOJotg,2.MLgBmJKI/E6,6
2.QxAK2aOJotg,2.YNE5Gq/xdMU,5
2.LgVxV9m2RPQ,2.4X.Vfd63NBU,10
2.QxAK2aOJotg,2.pdXHTQ26uMU,5
2.QxAK2aOJotg,2.7zlCDpYC5U.,4
2.AVpa46tzlz.,2.QxAK2aOJotg,7
2.AVpa46tzlz.,2.qms724svUo6,7
2.WNR1fIpE0lA,2.RwzHHy9y9uI,5
2.LgVxV9m2RPQ,2.EbXkG6zCeh2,9
2.QxAK2aOJotg,2.AVpa46tzlz.,6
2.QxAK2aOJotg,2.lKcG101/PdE,6
2.QxAK2aOJotg,2.yLw9IZqlxjw,1
2.zvDFgZBTjWU,2.QxAK2aOJotg,5
2.ZaVILfwLboQ,2.u07RZcxG3c2,10
2.LgVxV9m2RPQ,2.XY.abmMds0M,9
2.sjJIGEOr2ig,2.Q3Neovsyaw6,7
2.xXl1qNX8JJk,2.DD6dQ1rWbjU,10
2.8/0bqsbWGYY,2.rgUNAgq1iXM,10
2.pdXHTQ26uMU,2.YNE5Gq/xdMU,7
2.XUqIHM0LUTU,2.8vwCFYJ83XM,8
2.DD6dQ1rWbjU,2.xXl1qNX8JJk,9
2.DD6dQ1rWbjU,2.YNE5Gq/xdMU,7
2.DD6dQ1rWbjU,2.bZrbIzCvr.I,7
2.DD6dQ1rWbjU,2.pdXHTQ26uMU,7
2.4QzKfPl3tJU,2.DD6dQ1rWbjU,10
2.4QzKfPl3tJU,2.fVhu.ix64wE,5
2.4QzKfPl3tJU,2.YNE5Gq/xdMU,9
2.4QzKfPl3tJU,2.1E78waQgxPU,10
2.4QzKfPl3tJU,2.7zlCDpYC5U.,7
2.4QzKfPl3tJU,2.SYMrjY2n.5c,9
2.4QzKfPl3tJU,2.MLgBmJKI/E6,6
2.e/xlFuEO02g,2.XUqIHM0LUTU,8
2.ejeUtW.HXRs,2.s5RY4tydbBM,7
2.DD6dQ1rWbjU,2.4QzKfPl3tJU,8
2.8vwCFYJ83XM,2.TUr1i9Wnqvw,1
2.y4ImsGe5Qe.,2.pdXHTQ26uMU,6
2.UY6pZp55kEo,2.s5RY4tydbBM,7
2.MXnFWeJaQZ2,2.8vwCFYJ83XM,7
2.YNE5Gq/xdMU,2.4QzKfPl3tJU,8
2.5.ElhZOYSM.,2.RwzHHy9y9uI,7
2.5.ElhZOYSM.,2.F5Pw1q4XWuU,6
2.5.ElhZOYSM.,2.QxAK2aOJotg,8
2.xXl1qNX8JJk,2.c/I/Xj7epxI,10
2.xXl1qNX8JJk,2.ax5vwRywujY,10
2.xXl1qNX8JJk,2.1E78waQgxPU,10
2.k8/GXPOqLfA,2.bTwZSqoUAmc,8
2.Wd7.YjZVVN6,2.k8/GXPOqLfA,5
2.Wd7.YjZVVN6,2.bTwZSqoUAmc,5
2.5t1LOpiDbGk,2.0kXcJrR18K.,8
2.7BWY4Y4k2o.,2.QxAK2aOJotg,9
2.6NkZFWXieis,2.TTxBcbHWEys,5
2.6NkZFWXieis,2.bTwZSqoUAmc,5
2.6NkZFWXieis,2.8vwCFYJ83XM,5
2.6NkZFWXieis,2.jDR5MjTb2WY,5
2.YdG3BI1PAzE,2.6NkZFWXieis,5
2.6NkZFWXieis,2.YdG3BI1PAzE,8
2.YdG3BI1PAzE,2.DuSx73Au3bA,6
2.YdG3BI1PAzE,2.TTxBcbHWEys,4
2.MXnFWeJaQZ2,2.XsIttokgYg.,3
2.xXl1qNX8JJk,2.n98E0W4Uz9o,7
2.xXl1qNX8JJk,2.djl497KUePs,6
2.xXl1qNX8JJk,2.PxbxGVo1M0g,6
2.xXl1qNX8JJk,2.AVpa46tzlz.,7
2.e/xlFuEO02g,2.sjGr2wcHL5g,9
2.pdXHTQ26uMU,2.vbI.04eJ6d2,6
2.pdXHTQ26uMU,2.QxAK2aOJotg,7
2.pdXHTQ26uMU,2.y4ImsGe5Qe.,8
2.pdXHTQ26uMU,2.B09PvxiO/WY,6
2.QIIDfzBgzhw,2.bTwZSqoUAmc,5
2.QIIDfzBgzhw,2./pb9zuwUin2,6
2.QIIDfzBgzhw,2.e6fBNaSHJGA,7
2.QIIDfzBgzhw,2.Gy6CsbFkchA,7
2.5t1LOpiDbGk,2.oIs4e7l8WLA,10
2.XvvfQM921No,2.k8/GXPOqLfA,10
2.Wd7.YjZVVN6,2.XvvfQM921No,5
2.XvvfQM921No,2.Wd7.YjZVVN6,10
2.PqpZWJlXrzg,2.DD6dQ1rWbjU,7
2.DD6dQ1rWbjU,2.PqpZWJlXrzg,8
2.5t1LOpiDbGk,2.VGxlPuj56VE,9
2.B09PvxiO/WY,2.pdXHTQ26uMU,7
2.F4n63x0TSpg,2.T2FTafAjvH.,7
2.F4n63x0TSpg,2.RwzHHy9y9uI,7
2.nziRNaiIzvY,2.1ThVvQxk9Tw,1
2.nziRNaiIzvY,2.MhQwRGpPiFs,10
2.nziRNaiIzvY,2.bTwZSqoUAmc,8
2.WD0JZiyqZ5.,2.pPx0dc6qjgg,7
2.YNE5Gq/xdMU,2.xLGREt6AbjA,5
2.YNE5Gq/xdMU,2.DuSx73Au3bA,5
2.pPx0dc6qjgg,2.3OJxE7vc8zQ,8
2.5t1LOpiDbGk,2.F5Pw1q4XWuU,5
2.vL4Es16R8HQ,2.pdXHTQ26uMU,8
2.auIqmowg676,2.Wd7.YjZVVN6,10
2.Wd7.YjZVVN6,2.auIqmowg676,5
2.bZrbIzCvr.I,2.SYMrjY2n.5c,7
2.bZrbIzCvr.I,2.vbI.04eJ6d2,6
2.5t1LOpiDbGk,2.7fWXoKVsBKI,8
2.bZrbIzCvr.I,2.YNE5Gq/xdMU,8
2.bZrbIzCvr.I,2.pdXHTQ26uMU,7
2.bZrbIzCvr.I,2.uWVkrLc222k,4
2.bZrbIzCvr.I,2.DuSx73Au3bA,3
2.bZrbIzCvr.I,2.8vwCFYJ83XM,7
2.k8/GXPOqLfA,2.Wd7.YjZVVN6,9
2.k8/GXPOqLfA,2.XvvfQM921No,7
2.k8/GXPOqLfA,2.V9NgsTXgAp.,8
2.e.BmbDBWyGE,2.8vwCFYJ83XM,7
2.YNE5Gq/xdMU,2.78C/Qput5L2,9
2.YNE5Gq/xdMU,2.7BWY4Y4k2o.,9
2.cnHhKT/uOk6,2.VVSfvZQDjiY,7
2.cnHhKT/uOk6,2.g7zkvUtiiVg,5
2.cnHhKT/uOk6,2.XbOZRcN0tvQ,10
2.JbNsDVnpEjA,2.yLw9IZqlxjw,9
2.JbNsDVnpEjA,2.YNE5Gq/xdMU,9
2.JbNsDVnpEjA,2.KW.jn.rDxPY,7
2.JbNsDVnpEjA,2.MLgBmJKI/E6,7
2.cwFdbCuGm7.,2.X0hwTIBYxCw,3
2.X0hwTIBYxCw,2.cwFdbCuGm7.,7
2.X0hwTIBYxCw,2.TUOzBj4EV.6,8
2./fMP5BxZiOw,2.LMa.guFE14A,8
2./fMP5BxZiOw,2.aQmXPk6.0rw,7
2.RwzHHy9y9uI,2.QxAK2aOJotg,8
2.LMa.guFE14A,2./fMP5BxZiOw,10
2.ApEwdcscbGY,2.aQmXPk6.0rw,10
2.ApEwdcscbGY,2.LMa.guFE14A,10
2.ApEwdcscbGY,2./fMP5BxZiOw,10
2.7hjH0uecXF6,2.ApEwdcscbGY,10
2.7hjH0uecXF6,2./fMP5BxZiOw,10
2.7hjH0uecXF6,2.LMa.guFE14A,10
2.7hjH0uecXF6,2.aQmXPk6.0rw,10
2.MkNiUgIFZlQ,2.ApEwdcscbGY,9
2.MkNiUgIFZlQ,2.7hjH0uecXF6,8
2.gepXGtINrT2,2.ApEwdcscbGY,7
2.gepXGtINrT2,2.LMa.guFE14A,7
2.gepXGtINrT2,2./fMP5BxZiOw,7
2.gepXGtINrT2,2.aQmXPk6.0rw,7
2.gepXGtINrT2,2.7hjH0uecXF6,7
2.ApEwdcscbGY,2.7hjH0uecXF6,10
2.ApEwdcscbGY,2.MkNiUgIFZlQ,10
2.ApEwdcscbGY,2.gepXGtINrT2,10
2.ApEwdcscbGY,2.Y4vWhUhK5/6,7
2.ApEwdcscbGY,2.RwzHHy9y9uI,8
2.aQmXPk6.0rw,2./fMP5BxZiOw,6
2.aQmXPk6.0rw,2.ApEwdcscbGY,6
2.7iP61BfiEl2,2.bTwZSqoUAmc,5
2.7iP61BfiEl2,2.FL9.xDufZ52,5
2.4UhIySOHveY,2.bZrbIzCvr.I,10
2.4UhIySOHveY,2.bTwZSqoUAmc,10
2.MhISUGuy.C.,2.bTwZSqoUAmc,6
2.MhISUGuy.C.,2.7iP61BfiEl2,8
2.0Z4XZC/FUVA,2.z1zdO8UAx42,8
2.ZBaJZeN3FD6,2.8vwCFYJ83XM,7
2.ZBaJZeN3FD6,2.bTwZSqoUAmc,6
2.MhISUGuy.C.,2.zODOYqBQYl.,8
2..6f0e1HDXVg,2.RwzHHy9y9uI,10
2.2Y1UJFD23mo,2.xLGREt6AbjA,6
2.2Y1UJFD23mo,2.AGogx8hgdCw,6
2.2Y1UJFD23mo,2.e6fBNaSHJGA,8
2.qpqtyp0K4j.,2.0GzVApXHOnM,10
2.2Y1UJFD23mo,2.PY0.RkV7jvw,6
2.zODOYqBQYl.,2.MhISUGuy.C.,8
2.Ze10q0tVo8I,2.MhISUGuy.C.,10
2.MhISUGuy.C.,2.Ze10q0tVo8I,7
2.rFVDWnPdgb2,2.MhISUGuy.C.,8
2.rFVDWnPdgb2,2.Ze10q0tVo8I,8
2.MhISUGuy.C.,2.rFVDWnPdgb2,9
2.Ze10q0tVo8I,2..WCqlp0li.2,10
2.Ze10q0tVo8I,2.rFVDWnPdgb2,10
2.MhISUGuy.C.,2..WCqlp0li.2,8
2.4m9BMZe0WoU,2.Wd7.YjZVVN6,10
2.2Y1UJFD23mo,2.y4ImsGe5Qe.,3
2.2Y1UJFD23mo,2.ZWCDMBQjx1Q,5
2.2Y1UJFD23mo,2.8vwCFYJ83XM,3
2.PZRLiHyktFE,2.ZBaJZeN3FD6,9
2.imGA/hg2W9I,2.MhISUGuy.C.,8
2.imGA/hg2W9I,2.rFVDWnPdgb2,6
2.imGA/hg2W9I,2.Ze10q0tVo8I,5
2.MhISUGuy.C.,2.imGA/hg2W9I,10
2.Ze10q0tVo8I,2.zODOYqBQYl.,10
2.Ze10q0tVo8I,2.imGA/hg2W9I,10
2.2Y1UJFD23mo,2.jDR5MjTb2WY,10
2.s/Ed9JG437A,2.9DIYN4E8CRY,6
2.2Y1UJFD23mo,2.jrnj6dfBBEQ,10
2.2Y1UJFD23mo,2.vPYZOAL385M,10
2.FX6N4Geh/fQ,2.QIIDfzBgzhw,7
2.qC1lJrX3Hl6,2.Ze10q0tVo8I,7
2.Ze10q0tVo8I,2.qC1lJrX3Hl6,3
2.TUr1i9Wnqvw,2.n98E0W4Uz9o,9
2.TUr1i9Wnqvw,2.RwzHHy9y9uI,10
2.23BYWabkEcc,2.LjZWzTkRRO2,9
2.oIs4e7l8WLA,2.bTwZSqoUAmc,6
2.oIs4e7l8WLA,2.MhISUGuy.C.,7
2.oIs4e7l8WLA,2.Ze10q0tVo8I,7
2.oIs4e7l8WLA,2.rFVDWnPdgb2,7
2.oIs4e7l8WLA,2.imGA/hg2W9I,7
2.Ze10q0tVo8I,2.oIs4e7l8WLA,5
2.MhISUGuy.C.,2.oIs4e7l8WLA,9
2.oIs4e7l8WLA,2.zODOYqBQYl.,6
2.oIs4e7l8WLA,2.FL9.xDufZ52,6
2.z1zdO8UAx42,2.0Z4XZC/FUVA,6
2.SYMrjY2n.5c,2.YNE5Gq/xdMU,5
2.SYMrjY2n.5c,2.4QzKfPl3tJU,6
2.bWokPo2uFpw,2.SYMrjY2n.5c,10
2.SYMrjY2n.5c,2.bWokPo2uFpw,10
2.SYMrjY2n.5c,2.QxAK2aOJotg,5
2.4JmM4K83Msg,2.AnMysuu3ciI,9
2.AnMysuu3ciI,2.4JmM4K83Msg,9
2.AnMysuu3ciI,2.bTwZSqoUAmc,5
2.bZrbIzCvr.I,2.4UhIySOHveY,7
2.bZrbIzCvr.I,2.T2FTafAjvH.,6
2.SYMrjY2n.5c,2.k2E99VoDtuI,6
2.hBK8iJ3brxo,2.UKMtjBhRgp6,8
2.UKMtjBhRgp6,2.hBK8iJ3brxo,10
2.zODOYqBQYl.,2.Ze10q0tVo8I,6
2.zODOYqBQYl.,2.oIs4e7l8WLA,6
2.6YDjCVRmsps,2.3OJxE7vc8zQ,10
2.2Y1UJFD23mo,2.YNE5Gq/xdMU,10
2.3OJxE7vc8zQ,2.6YDjCVRmsps,5
2.88/Pr5ylDx6,2.B09PvxiO/WY,8
2.88/Pr5ylDx6,2.tx/brd3qQ1c,6
2.MnCSfgltFuk,2.SYMrjY2n.5c,10
2.SYMrjY2n.5c,2.MnCSfgltFuk,10
2.lhNDpXPoeWo,2.ApEwdcscbGY,5
2.lhNDpXPoeWo,2.LMa.guFE14A,5
2.lhNDpXPoeWo,2.aQmXPk6.0rw,5
2.lhNDpXPoeWo,2.gepXGtINrT2,5
2.RwzHHy9y9uI,2.U90Dew/cRj6,10
2.4ABxdaxmZMw,2.uJyPFUKetSM,8
2.4ABxdaxmZMw,2.eOiMH/jd9so,7
2.4ABxdaxmZMw,2.F5Pw1q4XWuU,7
2.LMa.guFE14A,2.ApEwdcscbGY,10
2.LMa.guFE14A,2.7hjH0uecXF6,6
2.vupi0d3QpR6,2.3OJxE7vc8zQ,8
2.LMa.guFE14A,2.gepXGtINrT2,7
2.3OJxE7vc8zQ,2.vupi0d3QpR6,8
2.LMa.guFE14A,2.RwzHHy9y9uI,8
2.imGA/hg2W9I,2.oIs4e7l8WLA,5
2.LMa.guFE14A,2.lhNDpXPoeWo,5
2.Wm6x5s2qBfU,2.dFJhQQuINTU,7
2.Y4vWhUhK5/6,2.WD0JZiyqZ5.,3
2.ApEwdcscbGY,2.lhNDpXPoeWo,10
2.e6fBNaSHJGA,2./pb9zuwUin2,9
2.e6fBNaSHJGA,2.E.fhAvYEJZs,5
2.e6fBNaSHJGA,2.FX6N4Geh/fQ,5
2.e6fBNaSHJGA,2.QIIDfzBgzhw,5
2.qms724svUo6,2.AVpa46tzlz.,8
2.0Z4XZC/FUVA,2.F5Pw1q4XWuU,3
2.QxAK2aOJotg,2.zvDFgZBTjWU,5
2.gywd1BQC7C.,2.bTwZSqoUAmc,7
2.QxAK2aOJotg,2.pAD2BeBnV2g,5
2.QxAK2aOJotg,2.rgUNAgq1iXM,4
2.QxAK2aOJotg,2.7BWY4Y4k2o.,7
2.C0gaWGTcUhU,2.0Z4XZC/FUVA,8
2.0Z4XZC/FUVA,2.C0gaWGTcUhU,8
2.yLw9IZqlxjw,2.QxAK2aOJotg,7
2.yLw9IZqlxjw,2.RwzHHy9y9uI,6
2.LgVxV9m2RPQ,2.T2FTafAjvH.,9
2.yLw9IZqlxjw,2.SYMrjY2n.5c,6
2.yLw9IZqlxjw,2.8vwCFYJ83XM,7
2.zODOYqBQYl.,2.8B2153rCPBU,6
2.zODOYqBQYl.,2..WCqlp0li.2,6
2.LgVxV9m2RPQ,2.8vwCFYJ83XM,9
2.ThB0OnEg0vQ,2.T76JAuewRC6,10
2.umTe9qun5K.,2.4ABxdaxmZMw,5
2.F5Pw1q4XWuU,2.6NkZFWXieis,4
2.o2T3agNiH9k,2.MLgBmJKI/E6,7
2.F5Pw1q4XWuU,2.nxlhPrTLjtA,6
2.F5Pw1q4XWuU,2.7fWXoKVsBKI,5
2.e6fBNaSHJGA,2.FL9.xDufZ52,5
2.o2T3agNiH9k,2.YNE5Gq/xdMU,7
2.o2T3agNiH9k,2.fVhu.ix64wE,8
2.o2T3agNiH9k,2.OiA3.LnEVsw,7
2.o2T3agNiH9k,2.QxAK2aOJotg,6
2.o2T3agNiH9k,2.xI0dpeZX9RE,7
2.o2T3agNiH9k,2.7BWY4Y4k2o.,7
2.jOK/l7tl0fY,2.fVhu.ix64wE,8
2./pb9zuwUin2,2.kAsOydIgwWs,6
2./pb9zuwUin2,2.4PkMx3yBSyg,6
2./pb9zuwUin2,2.bTwZSqoUAmc,8
2.e6fBNaSHJGA,2.vPYZOAL385M,5
2.uWVkrLc222k,2.EbXkG6zCeh2,5
2.uWVkrLc222k,2.F4n63x0TSpg,9
2./pb9zuwUin2,2.QIIDfzBgzhw,7
2.uWVkrLc222k,2.YNE5Gq/xdMU,9
2.uWVkrLc222k,2.SYMrjY2n.5c,6
2.uWVkrLc222k,2.DuSx73Au3bA,8
2.uWVkrLc222k,2.xLGREt6AbjA,5
2.uWVkrLc222k,2.yLw9IZqlxjw,9
2.F4n63x0TSpg,2.7Vk4ivYpLhk,8
2.F4n63x0TSpg,2.DD6dQ1rWbjU,5
2.F4n63x0TSpg,2.uWVkrLc222k,5
2.F4n63x0TSpg,2.bZrbIzCvr.I,7
2.F4n63x0TSpg,2.vbI.04eJ6d2,6
2.F4n63x0TSpg,2.bTwZSqoUAmc,6
2.F4n63x0TSpg,2.pdXHTQ26uMU,8
2.F4n63x0TSpg,2.SYMrjY2n.5c,4
2.uWVkrLc222k,2.bTwZSqoUAmc,7
2.uWVkrLc222k,2.68aKnkPgtmg,8
2.uWVkrLc222k,2.kes67ycubgQ,3
2.kes67ycubgQ,2.uWVkrLc222k,1
2.vbI.04eJ6d2,2.bRIoXUAwVh2,2
2.2Y1UJFD23mo,2.Ibd47xRNeWo,6
2.X0jMakuMxBQ,2.bTwZSqoUAmc,6
2.uWsxQACWo2o,2.43m6cLGMLHs,8
2.uWsxQACWo2o,2.bTwZSqoUAmc,2
2.uWsxQACWo2o,2.eOiMH/jd9so,8
2.uWsxQACWo2o,2.ji95coRy/no,8
2.uWsxQACWo2o,2.ZP8FM5HsgS.,6
2.I694prVAmG2,2.6NkZFWXieis,8
2.I694prVAmG2,2.0TdNm2IpTnE,7
2.I694prVAmG2,2.BiDATyO6HqQ,7
2.DuSx73Au3bA,2.VVSfvZQDjiY,6
2.DuSx73Au3bA,2.DD6dQ1rWbjU,3
2.DuSx73Au3bA,2.8vwCFYJ83XM,2
2.DuSx73Au3bA,2.MhQwRGpPiFs,5
2.DuSx73Au3bA,2.YdG3BI1PAzE,2
2.DuSx73Au3bA,2.uWVkrLc222k,2
2.DuSx73Au3bA,2.PxbxGVo1M0g,10
2.DuSx73Au3bA,2.tJdfPwHUpXs,4
2.DuSx73Au3bA,2.rHehEX8vS1Y,3
2.DuSx73Au3bA,2.T2FTafAjvH.,3
2.DuSx73Au3bA,2.TTxBcbHWEys,3
2.DuSx73Au3bA,2.7iP61BfiEl2,2
2.DuSx73Au3bA,2..WCqlp0li.2,2
2.uWsxQACWo2o,2.aFcz7nQJKH.,9
2.uWsxQACWo2o,2.0lAj/NVv91c,8
2.h26Cz8kiUnU,2.uWsxQACWo2o,5
2.aFcz7nQJKH.,2.uWsxQACWo2o,6
2.B09PvxiO/WY,2.3Cgo.EoxIOw,3
2.B09PvxiO/WY,2.rd58DTCu/os,6
2.B09PvxiO/WY,2.bTwZSqoUAmc,5
2.B09PvxiO/WY,2.88/Pr5ylDx6,10
2.MhISUGuy.C.,2./s9LxgV18BE,6
2.B09PvxiO/WY,2.bZrbIzCvr.I,2
2.B09PvxiO/WY,2.DD6dQ1rWbjU,3
2.B09PvxiO/WY,2.uWVkrLc222k,5
2.aFcz7nQJKH.,2.ZBaJZeN3FD6,5
2.aFcz7nQJKH.,2.6wgrmBApDCE,7
2.6wgrmBApDCE,2.aFcz7nQJKH.,5
2.7SOLCcwC0Ic,2.X0jMakuMxBQ,5
2.e6fBNaSHJGA,2.4PkMx3yBSyg,5
2.MXDcoVmTlbo,2.RwzHHy9y9uI,10
2.Q0vWsOYK1Fg,2.SYMrjY2n.5c,1
2.oIs4e7l8WLA,2.bTwZSqoUAmc,6
2.ytUioa5UZCM,2./Me9IAbgARM,8
2.SG2RkiL9jKo,2.uWsxQACWo2o,7
2.SYMrjY2n.5c,2.yLw9IZqlxjw,7
2.SYMrjY2n.5c,2.Q0vWsOYK1Fg,9
2.SYMrjY2n.5c,2.F4n63x0TSpg,6
2.SYMrjY2n.5c,2.uWVkrLc222k,6
2.SYMrjY2n.5c,2.nGCG6VxRfnk,6
2.e6fBNaSHJGA,2.VGxlPuj56VE,5
2.SYMrjY2n.5c,2.vPYZOAL385M,7
2.SYMrjY2n.5c,2.ED8LqcKAehc,7
2.SYMrjY2n.5c,2.1HTTNe8xzss,6
2.dUPkWSDSthY,2.XGtIMVYc7Zg,7
2./Me9IAbgARM,2.pdXHTQ26uMU,9
2./Me9IAbgARM,2.ytUioa5UZCM,9
2./Me9IAbgARM,2.3OJxE7vc8zQ,7
2.WAaE4E2DAb6,2.SG2RkiL9jKo,10
2.SG2RkiL9jKo,2.WAaE4E2DAb6,9
2.B09PvxiO/WY,2.4X.Vfd63NBU,7
2.ZBaJZeN3FD6,2.4X.Vfd63NBU,8
2.B09PvxiO/WY,2.T2FTafAjvH.,4
2.RwzHHy9y9uI,2.kpl254CQfwE,8
2.xLGREt6AbjA,2.BJGT8SgoUTI,8
2.uRBBFmED37w,2.BJGT8SgoUTI,3
2.uRBBFmED37w,2.xLGREt6AbjA,6
2.xLGREt6AbjA,2.uRBBFmED37w,6
2.v2xnh12Xs5.,2.gRQEm.aEm9U,10
2.20Ai/1eOpk2,2.r3gIYFCqMNU,7
2.20Ai/1eOpk2,2.ZBaJZeN3FD6,6
2.ccLLMWsPpRQ,2.pdXHTQ26uMU,3
2.7fWXoKVsBKI,2.F5Pw1q4XWuU,6
2.7fWXoKVsBKI,2.k0NI2rSbTqQ,2
2.ccLLMWsPpRQ,2.bTwZSqoUAmc,5
2.PTSG5/JzqOI,2.ccLLMWsPpRQ,10
2.m4kezaSkT1M,2.ccLLMWsPpRQ,2
2.ccLLMWsPpRQ,2.m4kezaSkT1M,8
2.ccLLMWsPpRQ,2.PTSG5/JzqOI,4
2.ccLLMWsPpRQ,2.DD6dQ1rWbjU,2
2.ccLLMWsPpRQ,2.8vwCFYJ83XM,6
2.ccLLMWsPpRQ,2.DuSx73Au3bA,9
2.ccLLMWsPpRQ,2.bZrbIzCvr.I,4
2.ccLLMWsPpRQ,2.YNE5Gq/xdMU,7
2.ccLLMWsPpRQ,2.4UhIySOHveY,1
2.4UhIySOHveY,2.ccLLMWsPpRQ,10
2.4UhIySOHveY,2.xI0dpeZX9RE,10
2.4UhIySOHveY,2.DKiXbii09vQ,10
2.HcoVkjUYKzs,2.bZrbIzCvr.I,6
2.SYMrjY2n.5c,2.B09PvxiO/WY,7
2.bZrbIzCvr.I,2.HcoVkjUYKzs,7
2.bZrbIzCvr.I,2.B09PvxiO/WY,6
2.bZrbIzCvr.I,2.F4n63x0TSpg,5
2.bZrbIzCvr.I,2.ccLLMWsPpRQ,7
2.bZrbIzCvr.I,2.DD6dQ1rWbjU,8
2.bZrbIzCvr.I,2.rHehEX8vS1Y,5
2.bZrbIzCvr.I,2.xLGREt6AbjA,6
2.bZrbIzCvr.I,2.VVSfvZQDjiY,6
2.qpqtyp0K4j.,2.wvU392wR9Sw,10
2.OmwVez01bXs,2.gRQEm.aEm9U,5
2.OiA3.LnEVsw,2.U90Dew/cRj6,10
2.RwzHHy9y9uI,2.kGQGbDGGhKc,10
2.OiA3.LnEVsw,2.kGQGbDGGhKc,10
2.R0GnLW4PIE2,2.jrnj6dfBBEQ,7
2.R0GnLW4PIE2,2.vPYZOAL385M,8
2.R0GnLW4PIE2,2.bTwZSqoUAmc,6
2.R0GnLW4PIE2,2.bZrbIzCvr.I,7
2.R0GnLW4PIE2,2.uWsxQACWo2o,6
2.60eNXVhOvuc,2.6pL.klt1X0Q,10
2.2Y1UJFD23mo,2.DzlotQQGuWk,6
2.VGxlPuj56VE,2.F5Pw1q4XWuU,5
2.VGxlPuj56VE,2.RwzHHy9y9uI,5
2.VGxlPuj56VE,2.eOiMH/jd9so,5
2.VGxlPuj56VE,2.iyzjaqwLpEM,5
2.VGxlPuj56VE,2.tJdfPwHUpXs,5
2.VGxlPuj56VE,2.bTwZSqoUAmc,5
2.VGxlPuj56VE,2.MhISUGuy.C.,5
2.VGxlPuj56VE,2.TTxBcbHWEys,1
2.VGxlPuj56VE,2.v7ooB69Bfao,5
2.VGxlPuj56VE,2.16Oc0v1mklk,10
2.VGxlPuj56VE,2.oIs4e7l8WLA,8
2.VGxlPuj56VE,2.6NkZFWXieis,5
2.VGxlPuj56VE,2.bRIoXUAwVh2,5
2.VGxlPuj56VE,2.rFVDWnPdgb2,5
2.umTe9qun5K.,2.Y4vWhUhK5/6,5
2.VGxlPuj56VE,2.imGA/hg2W9I,5
2.VGxlPuj56VE,2.YdG3BI1PAzE,5
2.VGxlPuj56VE,2.k0NI2rSbTqQ,5
2.jP3MN1pfBCE,2.QxAK2aOJotg,7
2.jP3MN1pfBCE,2.RwzHHy9y9uI,5
2.ccLLMWsPpRQ,2.uWVkrLc222k,6
2.ccLLMWsPpRQ,2.RwzHHy9y9uI,6
2.ccLLMWsPpRQ,2.B09PvxiO/WY,7
2.ccLLMWsPpRQ,2.QxAK2aOJotg,5
2.ccLLMWsPpRQ,2.F4n63x0TSpg,7
2.ccLLMWsPpRQ,2.SYMrjY2n.5c,7
2.CvrnfFblg.s,2.bTwZSqoUAmc,6
2.CvrnfFblg.s,2.bZrbIzCvr.I,5
2.7iP61BfiEl2,2.Z2QQhiUU5wI,6
2.7iP61BfiEl2,2.4X.Vfd63NBU,7
2.7iP61BfiEl2,2.e6fBNaSHJGA,4
2.7iP61BfiEl2,2.v7ooB69Bfao,5
2.7iP61BfiEl2,2.16Oc0v1mklk,5
2.7iP61BfiEl2,2.8vwCFYJ83XM,5
2.7iP61BfiEl2,2.VGxlPuj56VE,7
2.7iP61BfiEl2,2.MhISUGuy.C.,6
2.7iP61BfiEl2,2.DuSx73Au3bA,7
2.7iP61BfiEl2,2.oIs4e7l8WLA,5
2.7iP61BfiEl2,2.imGA/hg2W9I,8
2.7iP61BfiEl2,2.rFVDWnPdgb2,5
2.7iP61BfiEl2,2.Ze10q0tVo8I,6
2.gI4VEmHlOUM,2.FqyoKEUrC92,7
2.F5MtLft1WvU,2.jP3MN1pfBCE,10
2.ccLLMWsPpRQ,2.T2FTafAjvH.,8
2.XGtIMVYc7Zg,2.dUPkWSDSthY,7
2.ApEwdcscbGY,2.0gd9k1jGSUQ,5
2.ApEwdcscbGY,2.cml7Vtb4QAQ,6
2.F5Pw1q4XWuU,2.wvU392wR9Sw,4
2.F5Pw1q4XWuU,2.VGxlPuj56VE,8
2.F5Pw1q4XWuU,2.4ABxdaxmZMw,5
2.F5Pw1q4XWuU,2.tx/brd3qQ1c,5
2.gRQEm.aEm9U,2.OmwVez01bXs,10
2.ApEwdcscbGY,2.Ze10q0tVo8I,7
2.ApEwdcscbGY,2.PvL9nltYeco,5
2.ApEwdcscbGY,2.XPfBhrxjPpw,4
2.ApEwdcscbGY,2.3WTJ.fzSKfM,7
2.ApEwdcscbGY,2.yNR4hu83696,4
2.ApEwdcscbGY,2.iFXWRF59G/Q,4
2.pdXHTQ26uMU,2.vL4Es16R8HQ,8
2.FqyoKEUrC92,2.gI4VEmHlOUM,8
2.88/Pr5ylDx6,2.bZrbIzCvr.I,6
2.88/Pr5ylDx6,2.1WYEquQvtZ2,4
2.uWVkrLc222k,2.B09PvxiO/WY,4
2.uWVkrLc222k,2.ccLLMWsPpRQ,5
2.MhQwRGpPiFs,2.nziRNaiIzvY,8
2.MhQwRGpPiFs,2.vPYZOAL385M,6
2.YNE5Gq/xdMU,2.ccLLMWsPpRQ,7
2.YNE5Gq/xdMU,2.uWVkrLc222k,8
2.YNE5Gq/xdMU,2.2Y1UJFD23mo,4
2.PvL9nltYeco,2.B09PvxiO/WY,7
2.DKiXbii09vQ,2.4UhIySOHveY,8
2.DKiXbii09vQ,2.T2FTafAjvH.,8
2.n98E0W4Uz9o,2.WS0di1Kebd2,8
2.RwzHHy9y9uI,2.o2T3agNiH9k,6
2.uAKvsF/rf1U,2.4ABxdaxmZMw,8
2.uAKvsF/rf1U,2.bTwZSqoUAmc,8
2.uAKvsF/rf1U,2.QZX/TKDSGU2,8
2.uAKvsF/rf1U,2.3OJxE7vc8zQ,7
2.uAKvsF/rf1U,2.pPx0dc6qjgg,8
2.d4zhBCDjoKU,2.bTwZSqoUAmc,2
2.7iP61BfiEl2,2.ilMOBJCxWiI,6
2.ilMOBJCxWiI,2./s9LxgV18BE,10
2.ilMOBJCxWiI,2..WCqlp0li.2,10
2.ilMOBJCxWiI,2.zODOYqBQYl.,10
2.ilMOBJCxWiI,2.oIs4e7l8WLA,9
2.ilMOBJCxWiI,2.MhISUGuy.C.,10
2.ilMOBJCxWiI,2.7iP61BfiEl2,9
2.ilMOBJCxWiI,2.Ze10q0tVo8I,9
2.AZjkdkXODYs,2.uAKvsF/rf1U,10
2..WCqlp0li.2,2.zODOYqBQYl.,6
2..WCqlp0li.2,2.Ze10q0tVo8I,1
2..WCqlp0li.2,2.MhISUGuy.C.,8
2..WCqlp0li.2,2.rFVDWnPdgb2,7
2..WCqlp0li.2,2.DuSx73Au3bA,7
2.ofG6ttqRAJc,2.RwzHHy9y9uI,5
2.bZrbIzCvr.I,2.R0GnLW4PIE2,8
2.bZrbIzCvr.I,2.CvrnfFblg.s,7
2.bZrbIzCvr.I,2.88/Pr5ylDx6,6
2.pPx0dc6qjgg,2.uAKvsF/rf1U,9
2..WCqlp0li.2,2.ilMOBJCxWiI,2
2.UN7GFNF3aNQ,2.NpqRWVRHPWs,9
2.uAKvsF/rf1U,2.AZjkdkXODYs,9
2.ofG6ttqRAJc,2.8vwCFYJ83XM,6
2.MhISUGuy.C.,2.VGxlPuj56VE,7
2.MhISUGuy.C.,2.ilMOBJCxWiI,6
2.F5Pw1q4XWuU,2.0kXcJrR18K.,5
2.oswzVXKYGOY,2.B09PvxiO/WY,8
2.MLgBmJKI/E6,2.YNE5Gq/xdMU,8
2.MLgBmJKI/E6,2.QxAK2aOJotg,6
2.MLgBmJKI/E6,2.4QzKfPl3tJU,7
2.MLgBmJKI/E6,2.JbNsDVnpEjA,6
2.MLgBmJKI/E6,2.o2T3agNiH9k,9
2.MLgBmJKI/E6,2.7BWY4Y4k2o.,7
2.B09PvxiO/WY,2.SYMrjY2n.5c,5
2.B09PvxiO/WY,2.ccLLMWsPpRQ,5
2.B09PvxiO/WY,2.oswzVXKYGOY,8
2.B09PvxiO/WY,2.PvL9nltYeco,5
2.ofG6ttqRAJc,2.bTwZSqoUAmc,6
2.VxA2iM3mLSk,2.J2nNzvD/iTk,10
2.zODOYqBQYl.,2.ilMOBJCxWiI,6
2.UNaspqb7yLk,2.J2nNzvD/iTk,9
2.bTwZSqoUAmc,2.uh.CI2RkNYA,2
2.FqyoKEUrC92,2.Xcajxzg8B9I,8
2.qms724svUo6,2.MLgBmJKI/E6,5
2.FqyoKEUrC92,2.qO4vxMR5CN6,9
2.J2nNzvD/iTk,2.UNaspqb7yLk,10
2.J2nNzvD/iTk,2.bTwZSqoUAmc,10
2.J2nNzvD/iTk,2.F4n63x0TSpg,9
2.J2nNzvD/iTk,2.vbI.04eJ6d2,5
2.J2nNzvD/iTk,2.yLw9IZqlxjw,8
2.r23rsxVBy4c,2.bTwZSqoUAmc,5
2.r23rsxVBy4c,2.X0jMakuMxBQ,8
2.r23rsxVBy4c,2.7SOLCcwC0Ic,8
2.oswzVXKYGOY,2.ICbuORcjXRo,6
2.B09PvxiO/WY,2.ocu3MwlLSjg,8
2.oswzVXKYGOY,2.ocu3MwlLSjg,7
2.oswzVXKYGOY,2.HYfjHqylWlc,6
2.oswzVXKYGOY,2.RwzHHy9y9uI,10
2.oswzVXKYGOY,2.8vwCFYJ83XM,8
2.oswzVXKYGOY,2.xLGREt6AbjA,8
2.oswzVXKYGOY,2.88/Pr5ylDx6,8
2.Xcajxzg8B9I,2.FqyoKEUrC92,10
2.IVu6iIqOZh2,2.FqyoKEUrC92,9
2.IVu6iIqOZh2,2.gI4VEmHlOUM,9
2.ofG6ttqRAJc,2.DuSx73Au3bA,6
2.Gq19Ude0b8.,2.bTwZSqoUAmc,8
2.NEaDjJm4HOE,2.T2FTafAjvH.,5
2.qylcGmmDQsM,2.FqyoKEUrC92,8
2.qylcGmmDQsM,2.Xcajxzg8B9I,7
2.wvU392wR9Sw,2.F5Pw1q4XWuU,6
2.wvU392wR9Sw,2.3OJxE7vc8zQ,6
2.TTxBcbHWEys,2.VGxlPuj56VE,7
2.TTxBcbHWEys,2.tJdfPwHUpXs,8
2.TTxBcbHWEys,2.iyzjaqwLpEM,9
2.TTxBcbHWEys,2.6NkZFWXieis,8
2.TTxBcbHWEys,2.YdG3BI1PAzE,8
2.TTxBcbHWEys,2.7iP61BfiEl2,7
2.TTxBcbHWEys,2..WCqlp0li.2,7
2.0GzVApXHOnM,2.wvU392wR9Sw,10
2.HOSkQAjQU76,2.MhQwRGpPiFs,10
2.HOSkQAjQU76,2.1ThVvQxk9Tw,10
2.Gq19Ude0b8.,2.YdG3BI1PAzE,6
2.Gq19Ude0b8.,2.ilMOBJCxWiI,6
2.Gq19Ude0b8.,2.imGA/hg2W9I,5
2.FqyoKEUrC92,2.qylcGmmDQsM,10
2.ilMOBJCxWiI,2.Gq19Ude0b8.,10
2.FJiDWf/2DL2,2.g2F8tPGrYLE,8
2.bTwZSqoUAmc,2.UcFDlGAuIXg,7
2.8vwCFYJ83XM,2.oswzVXKYGOY,3
2.8vwCFYJ83XM,2.XY.abmMds0M,4
2.8vwCFYJ83XM,2.EbXkG6zCeh2,8
2./Me9IAbgARM,2.uAKvsF/rf1U,7
2.gI4VEmHlOUM,2.IVu6iIqOZh2,9
2.FqyoKEUrC92,2.Y/DKyCAHYWc,10
2.zMTRARJvmdk,2./o9CAH0P2II,10
2.Gj9jLZj7ZzY,2.bTwZSqoUAmc,1
2.Gj9jLZj7ZzY,2.d4zhBCDjoKU,7
2.LMa.guFE14A,2.3WTJ.fzSKfM,7
2.LMa.guFE14A,2.aQmXPk6.0rw,6
2.ya3HxlHEoUg,2.v7ooB69Bfao,6
2.4qE6AEqLGuo,2.3OJxE7vc8zQ,8
2.4qE6AEqLGuo,2.TTxBcbHWEys,8
2.3OJxE7vc8zQ,2.wvU392wR9Sw,5
2.VAiqqrBlrkM,2.3OJxE7vc8zQ,10
2.3OJxE7vc8zQ,2.VAiqqrBlrkM,9
2.T76JAuewRC6,2.GF.a21ge5LQ,7
2.GF.a21ge5LQ,2.T76JAuewRC6,6
2.e6fBNaSHJGA,2.7iP61BfiEl2,10
2.e6fBNaSHJGA,2.2Y1UJFD23mo,5
2.ofG6ttqRAJc,2.DD6dQ1rWbjU,6
2.Ze10q0tVo8I,2.7iP61BfiEl2,10
2.T76JAuewRC6,2.eNVR/6wr3Ls,7
2.e6fBNaSHJGA,2.TTxBcbHWEys,6
2.eNVR/6wr3Ls,2.T76JAuewRC6,7
2.e6fBNaSHJGA,2.jrnj6dfBBEQ,5
2.e6fBNaSHJGA,2.R0GnLW4PIE2,5
2.ofG6ttqRAJc,2.bZrbIzCvr.I,6
2.eNVR/6wr3Ls,2.eExV.nlhMbw,6
2.eExV.nlhMbw,2.T76JAuewRC6,10
2.eExV.nlhMbw,2.eNVR/6wr3Ls,10
2.T76JAuewRC6,2.eExV.nlhMbw,6
2.FX6N4Geh/fQ,2.u07RZcxG3c2,8
2.Ze10q0tVo8I,2.ilMOBJCxWiI,10
2.IZTLGcb4Zh2,2.WD0JZiyqZ5.,9
2.ofG6ttqRAJc,2.R0GnLW4PIE2,6
2.FqyoKEUrC92,2.IVu6iIqOZh2,10
2.FqyoKEUrC92,2.DJxGLEkpgRw,9
2.t7dratvVDVE,2.WD0JZiyqZ5.,7
2.t7dratvVDVE,2.F5Pw1q4XWuU,7
2.iF7Ho9glSAU,2.t7dratvVDVE,10
2.ofG6ttqRAJc,2.F4n63x0TSpg,6
2.wvU392wR9Sw,2.0GzVApXHOnM,8
2.t7dratvVDVE,2.iF7Ho9glSAU,9
2.wvU392wR9Sw,2.qpqtyp0K4j.,9
2.E9VSf5OSWL2,2.WD0JZiyqZ5.,7
2.ilMOBJCxWiI,2.FX6N4Geh/fQ,9
2.ilMOBJCxWiI,2.EbXkG6zCeh2,9
2.ilMOBJCxWiI,2.XY.abmMds0M,10
2./QX2HABa3p2,2.8vwCFYJ83XM,5
2.F5Pw1q4XWuU,2.t7dratvVDVE,7
2.nAoi2z/a18M,2.IbIWnnfO1QU,9
2.AcTQDZnH2A.,2.nAoi2z/a18M,10
2.nAoi2z/a18M,2.AcTQDZnH2A.,9
2.tx/brd3qQ1c,2.TTxBcbHWEys,3
2.tx/brd3qQ1c,2.VGxlPuj56VE,3
2.7QL8noIt0nk,2.ejeUtW.HXRs,6
2.lHCBWV/5pVA,2.HH5pvCFvhas,8
2.FeINNdi/zhE,2.lHCBWV/5pVA,6
2.41ZUOnbAq2s,2.oIs4e7l8WLA,5
2.F3aUfQkywA6,2.5X69He4wcYU,10
2.FGfC88aaSz.,2.fLgf1JnzIaw,6
2.FGfC88aaSz.,2.jpXgYcVDGb.,1
2.T76JAuewRC6,2.ThB0OnEg0vQ,7
2.H2fiWTH7C1w,2.4xYJ.3p4pio,6
2.BVO4qFK8vVU,2.vyuG5.P8wYE,8
2.vyuG5.P8wYE,2.BVO4qFK8vVU,10
2.4QHuySmX9D.,2.vyuG5.P8wYE,10
2.4QHuySmX9D.,2.BVO4qFK8vVU,10
2.BVO4qFK8vVU,2.4QHuySmX9D.,5
2.7fWXoKVsBKI,2.ocu3MwlLSjg,7
2.yg34Kdjx4ms,2.ApEwdcscbGY,8
2.41ZUOnbAq2s,2.eOiMH/jd9so,6
2.41ZUOnbAq2s,2.wvU392wR9Sw,5
2.qvFba4KvY9g,2.KcOad0PBmUo,1
2.qvFba4KvY9g,2.TMZNaVFxso2,1
2.qvFba4KvY9g,2.w96m6dY6wf6,1
2.qvFba4KvY9g,2.5AeBmwhQH9M,1
2.qvFba4KvY9g,2.G05yedOh8bo,1
2.qvFba4KvY9g,2.OmFsUAefxT2,1
2.qvFba4KvY9g,2.8.1bWdIsMEM,1
2.qvFba4KvY9g,2.49Kb94A9S2I,1
2.qvFba4KvY9g,2.DYEuhLh4Elg,1
2.qvFba4KvY9g,2.SH0hZSmQKv6,1
2.qvFba4KvY9g,2.0tjyGLnbXDM,1
2.qvFba4KvY9g,2.5gUSYdWjODY,1
2.qvFba4KvY9g,2.INQ5l4phVxc,1
2.qvFba4KvY9g,2.G13/IHdB2Aw,1
2.qvFba4KvY9g,2.KTKW0QgLsic,1
2.qvFba4KvY9g,2.7n.r.yswPhQ,1
2.xuCVHRbnrRo,2.o/2naTt8X1k,8
2.o/2naTt8X1k,2.xuCVHRbnrRo,7
2.ar5X9gMnhKo,2.Q3Neovsyaw6,8
2.sjJIGEOr2ig,2.iUGJJaOw4bQ,5
2.85tlStT/12w,2.sjJIGEOr2ig,7
2.yZ7Gqn8H2As,2.wAbUPUd.3fE,10
2.Q3Neovsyaw6,2.lpnhe2/eRjg,10
2.Q3Neovsyaw6,2./QSnfNKba9M,5
2./QX2HABa3p2,2.RwzHHy9y9uI,5
2./QSnfNKba9M,2.Q3Neovsyaw6,6
2.56hhrnnLMIA,2./QSnfNKba9M,5
2.56hhrnnLMIA,2.Q3Neovsyaw6,5
2.Mua8w8c3DrU,2.BW4BkklCmEo,1
2.56hhrnnLMIA,2.ar5X9gMnhKo,8
2.Q3Neovsyaw6,2.56hhrnnLMIA,5
2.ar5X9gMnhKo,2.56hhrnnLMIA,7
2./QSnfNKba9M,2.56hhrnnLMIA,6
2.Q3Neovsyaw6,2.ar5X9gMnhKo,8
2.Q3Neovsyaw6,2.wAbUPUd.3fE,7
2.wAbUPUd.3fE,2.Q3Neovsyaw6,10
2.SEZz8QYN96g,2.56hhrnnLMIA,8
2.SEZz8QYN96g,2.ar5X9gMnhKo,6
2.BW4BkklCmEo,2.Mua8w8c3DrU,10
2.SEZz8QYN96g,2.Q3Neovsyaw6,4
2.Q3Neovsyaw6,2.SEZz8QYN96g,6
2.Q3Neovsyaw6,2.PgqgxoPQgj6,8
2.Q3Neovsyaw6,2.sjJIGEOr2ig,6
2.sjJIGEOr2ig,2.v0dUPuxudD.,5
2.56hhrnnLMIA,2.SEZz8QYN96g,8
2.sjJIGEOr2ig,2.wAbUPUd.3fE,6
2.ar5X9gMnhKo,2.SEZz8QYN96g,7
2.iUGJJaOw4bQ,2.Q3Neovsyaw6,10
2.Q3Neovsyaw6,2.rPLTYEpJ7D6,5
2.rPLTYEpJ7D6,2.Q3Neovsyaw6,10
2.rPLTYEpJ7D6,2.iUGJJaOw4bQ,10
2.SEZz8QYN96g,2.rPLTYEpJ7D6,2
2.iUGJJaOw4bQ,2.lpnhe2/eRjg,10
2.iUGJJaOw4bQ,2.rPLTYEpJ7D6,10
2.rPLTYEpJ7D6,2.SEZz8QYN96g,10
2.ar5X9gMnhKo,2.rPLTYEpJ7D6,6
2.Q3Neovsyaw6,2.oWh46NzwCww,5
2.oWh46NzwCww,2.rPLTYEpJ7D6,8
2.oWh46NzwCww,2.Q3Neovsyaw6,10
2.oWh46NzwCww,2.iUGJJaOw4bQ,8
2.Q3Neovsyaw6,2.iUGJJaOw4bQ,6
2.wAbUPUd.3fE,2.lpnhe2/eRjg,10
2.sjJIGEOr2ig,2.85tlStT/12w,7
2.lpnhe2/eRjg,2.wAbUPUd.3fE,5
2.lpnhe2/eRjg,2.Q3Neovsyaw6,5
2.lpnhe2/eRjg,2.PgqgxoPQgj6,6
2.lpnhe2/eRjg,2.iUGJJaOw4bQ,5
2.wAbUPUd.3fE,2.sjJIGEOr2ig,10
2.yZ7Gqn8H2As,2.sjJIGEOr2ig,10
2.sjJIGEOr2ig,2.yZ7Gqn8H2As,7
2.1Yxde3u58Xs,2.RwzHHy9y9uI,7
2.Q3Neovsyaw6,2.Q1FDeNFCSTE,5
2.Q1FDeNFCSTE,2.Q3Neovsyaw6,4
2.Q1FDeNFCSTE,2.SEZz8QYN96g,5
2.Q3Neovsyaw6,2.faELwqzn8t.,4
2.faELwqzn8t.,2.ar5X9gMnhKo,10
2.faELwqzn8t.,2.PgqgxoPQgj6,10
2.faELwqzn8t.,2./QSnfNKba9M,10
2.PgqgxoPQgj6,2.faELwqzn8t.,10
2.PgqgxoPQgj6,2.lpnhe2/eRjg,10
2.56hhrnnLMIA,2.rPLTYEpJ7D6,5
2.56hhrnnLMIA,2.faELwqzn8t.,5
2.PgqgxoPQgj6,2.Q3Neovsyaw6,8
2.sjJIGEOr2ig,2.lpnhe2/eRjg,8
2.PgqgxoPQgj6,2.u7KCSYQG936,8
2.PgqgxoPQgj6,2./QSnfNKba9M,6
2./QSnfNKba9M,2.wwrOVDeAa6s,6
2.wvU392wR9Sw,2.41ZUOnbAq2s,6
2.faELwqzn8t.,2.u7KCSYQG936,10
2.faELwqzn8t.,2.9QyPlI.W9xY,10
2./QSnfNKba9M,2.SEZz8QYN96g,6
2./QSnfNKba9M,2.PgqgxoPQgj6,6
2./QSnfNKba9M,2.faELwqzn8t.,6
2./QSnfNKba9M,2.rPLTYEpJ7D6,6
2.ar5X9gMnhKo,2.faELwqzn8t.,7
2.85tlStT/12w,2.wAbUPUd.3fE,6
2.PgqgxoPQgj6,2.ntF9ILC.lz2,10
2.85tlStT/12w,2.Q3Neovsyaw6,5
2.wAbUPUd.3fE,2.iUGJJaOw4bQ,10
2.85tlStT/12w,2.v0dUPuxudD.,7
2.wAbUPUd.3fE,2.v0dUPuxudD.,10
2.wAbUPUd.3fE,2.85tlStT/12w,10
2.v0dUPuxudD.,2.85tlStT/12w,7
2.v0dUPuxudD.,2.Q3Neovsyaw6,6
2.v0dUPuxudD.,2.iUGJJaOw4bQ,7
2.v0dUPuxudD.,2.wAbUPUd.3fE,6
2.UIYrdNr0QlI,2.AMjNOfwVa3E,7
2.wAbUPUd.3fE,2.ntF9ILC.lz2,10
2.8vwCFYJ83XM,2.ZWCDMBQjx1Q,8
2.GTJ97UAwwyE,2.Q3Neovsyaw6,10
2.UjlYsSmwlTo,2.Q3Neovsyaw6,10
2.Q3Neovsyaw6,2.UjlYsSmwlTo,5
2.Q3Neovsyaw6,2.PR1jAr8VluA,5
2.UjlYsSmwlTo,2.RwzHHy9y9uI,10
2.wwrOVDeAa6s,2.56hhrnnLMIA,8
2.wwrOVDeAa6s,2./QSnfNKba9M,7
2.wwrOVDeAa6s,2.rPLTYEpJ7D6,7
2.56hhrnnLMIA,2.wwrOVDeAa6s,5
2.wvU392wR9Sw,2.Q3Neovsyaw6,4
2.Q3Neovsyaw6,2.85tlStT/12w,6
2.Q3Neovsyaw6,2.wvU392wR9Sw,5
2.x.LfDc8yf8o,2.1Yxde3u58Xs,5
2.GzA43caitVI,2.4QzKfPl3tJU,6
2.Q3Neovsyaw6,2.Jk/Ls1hfwdg,6
2.Q3Neovsyaw6,2.RK4BMg1iOUg,5
2.Q3Neovsyaw6,2.kR7p5dq/SkE,5
2.kR7p5dq/SkE,2.Q3Neovsyaw6,10
2.kR7p5dq/SkE,2.7fWXoKVsBKI,5
2.kR7p5dq/SkE,2.k0NI2rSbTqQ,7
2.kR7p5dq/SkE,2.VGxlPuj56VE,5
2.kR7p5dq/SkE,2.oIs4e7l8WLA,5
2.kR7p5dq/SkE,2.7iP61BfiEl2,6
2.kR7p5dq/SkE,2.0KT0M4G1lfg,2
2.FuL7fongLFI,2.7QL8noIt0nk,6
2.Q3Neovsyaw6,2.neJAMWaR4/Y,4
2.85tlStT/12w,2.lpnhe2/eRjg,7
2.v0dUPuxudD.,2.sjJIGEOr2ig,7
2.47II/N/n82Q,2.O75M8ZF/BpU,3
2.47II/N/n82Q,2.tPiQ0.qlee6,7
2.ENPks4cIhvI,2.QZX/TKDSGU2,10
2.ENPks4cIhvI,2.YNE5Gq/xdMU,10
2.AMjNOfwVa3E,2.UIYrdNr0QlI,9
2.JFgf.iBy8e6,2.nNZEBEGEd8c,10
2.7Cu5.JoOK0w,2.JFgf.iBy8e6,7
2.JFgf.iBy8e6,2.7Cu5.JoOK0w,7
2.gQDrbklSA7I,2.FuL7fongLFI,9
2.FuL7fongLFI,2.gQDrbklSA7I,8
2.RwzHHy9y9uI,2.GIDu5BOy2xA,2
2.RwzHHy9y9uI,2.ofG6ttqRAJc,6
2..NLQ7E5FqGA,2.FuL7fongLFI,10
2.FuL7fongLFI,2..NLQ7E5FqGA,6
2.rJyqIzPfL.Q,2.JFgf.iBy8e6,10
2.rJyqIzPfL.Q,2.7Cu5.JoOK0w,10
2.aLeITUQZnd2,2.mROlvjUc3Lc,6
2.aLeITUQZnd2,2.yFPT/7VhXEE,4
2.aLeITUQZnd2,2.u07RZcxG3c2,8
2.hbR8yKg0Cs2,2.Q8sttxa8X0Q,4
2.Q8sttxa8X0Q,2.hbR8yKg0Cs2,7
2.hbR8yKg0Cs2,2.YdG3BI1PAzE,4
2.emQNCklDrf2,2.Q8sttxa8X0Q,7
2.nGaa9YYB4gE,2.Q8sttxa8X0Q,9
2.nGaa9YYB4gE,2.hbR8yKg0Cs2,7
2.Q8sttxa8X0Q,2.nGaa9YYB4gE,10
2.Q8sttxa8X0Q,2.emQNCklDrf2,9
2.AMjNOfwVa3E,2.F4DdSZxa3CI,6
2.axkKmPLXbqw,2.5ki7QNjDxWE,7
2.rd2bGF2czNU,2.HGMV/l4NgCQ,7
2.axkKmPLXbqw,2.RwzHHy9y9uI,7
2.HGMV/l4NgCQ,2.rd2bGF2czNU,4
2.gRuS3ggDLl6,2.pdXHTQ26uMU,10
2.gRuS3ggDLl6,2.ytUioa5UZCM,7
2.BfbTcSHcXWY,2.7QL8noIt0nk,8
2.BfbTcSHcXWY,2.FuL7fongLFI,9
2.Q8sttxa8X0Q,2.R6AskMg2/ec,7
2.745tqdkvLK6,2.ilMOBJCxWiI,5
2.TJzKQP1RrU6,2.R6AskMg2/ec,10
2.pj8poGXOxlE,2.Q8sttxa8X0Q,4
2.pj8poGXOxlE,2.R6AskMg2/ec,7
2.luo6aVwuNKQ,2.3k0NgqJA/gk,8
2.rd2bGF2czNU,2.BZmg.GCdDUQ,8
2.lpnhe2/eRjg,2.85tlStT/12w,4
2.lpnhe2/eRjg,2.sjJIGEOr2ig,5
2.HGMV/l4NgCQ,2.BZmg.GCdDUQ,5
2.BZmg.GCdDUQ,2.HGMV/l4NgCQ,10
2.R6AskMg2/ec,2.TJzKQP1RrU6,7
2.R6AskMg2/ec,2.AF51yP/NWHg,9
2.AMjNOfwVa3E,2.RwzHHy9y9uI,3
2.o5nFxaJcVXc,2.Q3Neovsyaw6,6
2.o5nFxaJcVXc,2.SEZz8QYN96g,6
2.o5nFxaJcVXc,2.ar5X9gMnhKo,6
2.o5nFxaJcVXc,2./QSnfNKba9M,6
2.ar5X9gMnhKo,2.o5nFxaJcVXc,6
2.TDvgjRIdRh.,2.RwzHHy9y9uI,6
2..Sl/.bmqQLs,2.g4iKcDlC.aU,9
2.56hhrnnLMIA,2.o5nFxaJcVXc,5
2.eNhGH/m2A4g,2.XY.abmMds0M,10
2.3k0NgqJA/gk,2.luo6aVwuNKQ,9
2.eNhGH/m2A4g,2.DctCCAajXRg,10
2.H/np7.SLUuQ,2.dWWMBW9icJ.,7
2.skiq8Eu6A5w,2.4s4C06j6IFQ,7
2.A/GdxfMAM1k,2.EPDutcURznY,3
2.A/GdxfMAM1k,2.fLgf1JnzIaw,4
2.SEZz8QYN96g,2.wwrOVDeAa6s,7
2.SEZz8QYN96g,2./QSnfNKba9M,7
2.dWWMBW9icJ.,2.H/np7.SLUuQ,6
2.iUGJJaOw4bQ,2.v0dUPuxudD.,10
2.iUGJJaOw4bQ,2.wAbUPUd.3fE,10
2.iUGJJaOw4bQ,2.sjJIGEOr2ig,10
2.o5nFxaJcVXc,2.56hhrnnLMIA,7
2.GGX29MISgos,2.RwzHHy9y9uI,7
2.VVUAknqNbaI,2.4ABxdaxmZMw,10
2.VVUAknqNbaI,2.uJyPFUKetSM,10
2.jGGiFXqWOCU,2.ofG6ttqRAJc,7
2.jGGiFXqWOCU,2.RwzHHy9y9uI,6
2.jGGiFXqWOCU,2.8vwCFYJ83XM,6
2.ljZSweJxmGo,2.jGGiFXqWOCU,8
2.jGGiFXqWOCU,2.ljZSweJxmGo,7
2.o5nFxaJcVXc,2.PgqgxoPQgj6,6
2.o5nFxaJcVXc,2.faELwqzn8t.,6
2.qUL9K36mkgI,2.Ze10q0tVo8I,7
2.qUL9K36mkgI,2.vbI.04eJ6d2,6
2.qUL9K36mkgI,2.pdXHTQ26uMU,7
2.qUL9K36mkgI,2.t7dratvVDVE,8
2.qUL9K36mkgI,2.F5Pw1q4XWuU,8
2.FuL7fongLFI,2.BfbTcSHcXWY,7
2.t1uZG6kPXS6,2.Y/DKyCAHYWc,5
2.t1uZG6kPXS6,2.FqyoKEUrC92,8
2.56hhrnnLMIA,2.v0dUPuxudD.,8
2.56hhrnnLMIA,2.iUGJJaOw4bQ,6
2.56hhrnnLMIA,2.PR1jAr8VluA,5
2.TkVnN23muSQ,2.uAKvsF/rf1U,8
2.nz8/qhxfuBY,2.rFTlnV6j0l6,8
2.rFTlnV6j0l6,2.nz8/qhxfuBY,10
2.NN83n4uCC/6,2.iBGAm8QYVAg,10
2.FK8SVbyyvvc,2.jGGiFXqWOCU,7
2.skiq8Eu6A5w,2.B09PvxiO/WY,8
2.jGGiFXqWOCU,2.FK8SVbyyvvc,8
2.v0dUPuxudD.,2.56hhrnnLMIA,8
2.m.PoPOT2Sbo,2.axkKmPLXbqw,10
2.mxVy/WmcjTE,2.qRUs.PXPfAo,7
2.xmfOKfvkIZc,2.o2T3agNiH9k,5
2.xmfOKfvkIZc,2.RwzHHy9y9uI,5
2.xmfOKfvkIZc,2.QxAK2aOJotg,8
2.PR1jAr8VluA,2.Q3Neovsyaw6,8
2.PR1jAr8VluA,2.56hhrnnLMIA,10
2.PR1jAr8VluA,2.ar5X9gMnhKo,9
2.PR1jAr8VluA,2.lpnhe2/eRjg,10
2.ofG6ttqRAJc,2.Ej.1MTVX5Is,5
2.RwzHHy9y9uI,2.vbI.04eJ6d2,9
2.qlDJE6.LHYU,2.ofG6ttqRAJc,6
2.LjZWzTkRRO2,2.23BYWabkEcc,10
2.qlDJE6.LHYU,2.jGGiFXqWOCU,6
2.LjZWzTkRRO2,2.JbVUZsGdYL.,10
2.LjZWzTkRRO2,2.UY6pZp55kEo,10
2.zyGaftA8io.,2.yMDwsi54qvE,9
2.yMDwsi54qvE,2.XGtIMVYc7Zg,7
2.yMDwsi54qvE,2.zyGaftA8io.,8
2.zyGaftA8io.,2.IZTLGcb4Zh2,5
2.zyGaftA8io.,2.3OJxE7vc8zQ,8
2.zyGaftA8io.,2.hji6TNXpUDk,9
2.oCTbjahbPns,2.zwoMOLPNBnI,9
2.SEZz8QYN96g,2.o5nFxaJcVXc,2
2.5tkMViHeL.A,2.KTKW0QgLsic,5
2.5tkMViHeL.A,2.ccLLMWsPpRQ,7
2.5tkMViHeL.A,2.RwzHHy9y9uI,7
2.5MFZkDxrnwI,2.F5Pw1q4XWuU,10
2.7fWXoKVsBKI,2.oIs4e7l8WLA,5
2.v0dUPuxudD.,2.PgqgxoPQgj6,7
2./zEyFzyXYnM,2.NnVKQMDME1U,8
2..Yoa.mIUiNA,2.3Cgo.EoxIOw,10
2.t7dratvVDVE,2.VGxlPuj56VE,7
2.I7b5DpAB97c,2.GGX29MISgos,7
2.I7b5DpAB97c,2.F3aUfQkywA6,8
2.h.KVLszWrjA,2.DJxGLEkpgRw,10
2.h.KVLszWrjA,2.c51jIdvUp1U,6
2..Yoa.mIUiNA,2.3pqw9a0VppE,4
2./97V4kfYxpc,2.XcO4.xOcZxU,2
2.ZdmjBSnGbUw,2.4ABxdaxmZMw,5
2.cuQfNZb9zTg,2.88kuEwxytDY,10
2.6KuaRPmfEJI,2.RwzHHy9y9uI,8
2.Q3Neovsyaw6,2.jOK/l7tl0fY,6
2.fr6MwBAQbMc,2.4X.Vfd63NBU,5
2.zAKI53e.H0I,2.MXDcoVmTlbo,10
2.ITpHVVIfyf2,2.RwzHHy9y9uI,5
2.dCKr0xvfnaY,2.8/0bqsbWGYY,5
2.dCKr0xvfnaY,2.8U.a/P0EvRA,3
2.dCKr0xvfnaY,2.HLQnDUqMJ7w,6
2.dCKr0xvfnaY,2.LjZWzTkRRO2,4
2.dCKr0xvfnaY,2.Mua8w8c3DrU,4
2.dCKr0xvfnaY,2.BW4BkklCmEo,5
2.qLGJnb8hZ0c,2.HN/1mYjRzjM,10
2.T/aDadr.JHU,2.B9VpYZiXFr2,6
2.1CZ8faLuB7I,2.T/aDadr.JHU,8
2.T/aDadr.JHU,2.1CZ8faLuB7I,8
2.T/aDadr.JHU,2.Q2cEHnOPfv.,9
2.T/aDadr.JHU,2.FojqWbUcUcE,6
2.nnWlPoynxU2,2.eW1iRexItX2,10
2.nnWlPoynxU2,2.umTe9qun5K.,10
2.nnWlPoynxU2,2.10UEZjlTfpk,7
2.nnWlPoynxU2,2.QP1mQOlzJxM,10
2.nnWlPoynxU2,2.6mfAuE8s/CU,10
2.RwzHHy9y9uI,2.8vwCFYJ83XM,4
2.RwzHHy9y9uI,2.TUr1i9Wnqvw,4
2.RwzHHy9y9uI,2.5.ElhZOYSM.,3
2.RwzHHy9y9uI,2.xmfOKfvkIZc,6
2.OiA3.LnEVsw,2.edN1ymf/xOo,4
2.8yyhSV8pD3k,2.AN8ZY1QylYo,8
2.vSscrisJnxY,2.1ThVvQxk9Tw,10
2.Xc8Bwb.HZLM,2.vupi0d3QpR6,6
2.Xc8Bwb.HZLM,2.kit0ZWfMERs,9
2.ZrpdR5ZOSEY,2.AMjNOfwVa3E,10
2.SUGFJO7Ucd2,2.m/3/mbF.Lr2,5
2.SUGFJO7Ucd2,2.qMOQa3VmeeE,6
2.JFdl/RGtGQw,2.SYFIEzKcXqo,7
2.JFdl/RGtGQw,2.sWI8LSyYRaM,2
2.JFdl/RGtGQw,2.wkbF/s59UM.,8
2.9HUGMDrMzEk,2.RPVvGuhvQ66,10
2.9HUGMDrMzEk,2.vv8c1LcWogo,10
2.tgYq1FiGjd6,2.8E6CnGsqiZk,1
2.KicrY6ELHaE,2.41ZUOnbAq2s,7
2.LShgR.AYZlk,2.7zD7E32xAVA,10
2.AnLg2rhEbJM,2.qUL9K36mkgI,10
2.AnLg2rhEbJM,2.Kw4ZNDOz9.U,10
2.h.KVLszWrjA,2.RwzHHy9y9uI,3
2.2l2oht4j.iI,2.thdVItjDPR.,6
2.thdVItjDPR.,2.2l2oht4j.iI,7
2.KiPaCgFHw4M,2.2l2oht4j.iI,5
2.2l2oht4j.iI,2.KiPaCgFHw4M,9
2.Hgt80ViFdzk,2.IuWkYVSb2TY,6
2.SEZz8QYN96g,2.v0dUPuxudD.,6
2.SEZz8QYN96g,2.PgqgxoPQgj6,8
2.SEZz8QYN96g,2.iUGJJaOw4bQ,5
2.SEZz8QYN96g,2.PR1jAr8VluA,5
2.SEZz8QYN96g,2.faELwqzn8t.,7
2.fFaTJkDuy42,2.23BYWabkEcc,10
2.fFaTJkDuy42,2.IVu6iIqOZh2,7
2.g9mx.WtcJMw,2.3pqw9a0VppE,7
2.GBUPT.FW7fc,2.8U.a/P0EvRA,5
2.GBUPT.FW7fc,2.r23rsxVBy4c,5
2.h65o3G0Is0s,2.QmdozBs4UzU,5
2.NtxC2YJs.aU,2.UN7GFNF3aNQ,3
2.NtxC2YJs.aU,2.o2T3agNiH9k,1
2.NtxC2YJs.aU,2.xi0nwD1zryM,7
2..H0XO4zxv4Y,2.o5nFxaJcVXc,3
2..H0XO4zxv4Y,2.B09PvxiO/WY,5
2..H0XO4zxv4Y,2.JbNsDVnpEjA,3
2..H0XO4zxv4Y,2.yLw9IZqlxjw,1
2.t0Hw5cbUsro,2.Imdm9GQuJG2,6
2.t0Hw5cbUsro,2.Hbg.r7z2/ww,8
2.p6BBmIXH4k2,2.xv5SId4fB3E,7
2.NcLl7s4njF2,2.KicrY6ELHaE,10
2.NcLl7s4njF2,2.QAW6ov0w4gg,5
2.Z205Xz9Tf5E,2.M8VqTz5LctQ,5
2.Z205Xz9Tf5E,2.3Y57DmuXEVQ,10
2.Z205Xz9Tf5E,2.HLQnDUqMJ7w,10
2.Z205Xz9Tf5E,2.IVu6iIqOZh2,10
2.Z205Xz9Tf5E,2.gI4VEmHlOUM,10
2.Z205Xz9Tf5E,2.FuL7fongLFI,10
2.pT9/cBgH.c.,2.Uu38.IdsFNU,8
2.MoPBXnib436,2.Ya52e0Q6h9g,8
2.7kcURwQmifw,2.axkKmPLXbqw,4
2.7kcURwQmifw,2.m.PoPOT2Sbo,10
2.LnTIfaTs8Xs,2.B8VZOerNn/g,10
2..nejhL.wNZk,2.RwzHHy9y9uI,6
2.6n5uU0O8g82,2.GHHK3Sc3J9c,10
2.GHHK3Sc3J9c,2.6n5uU0O8g82,10
2.GHHK3Sc3J9c,2.Qme7jTKgCfs,4
2.6n5uU0O8g82,2.Qme7jTKgCfs,8
2.Qme7jTKgCfs,2.6n5uU0O8g82,1
2.jjtmE0cMdDE,2.BjNQ/Of5FfU,8
2.BjNQ/Of5FfU,2.wdfLFdPDvSE,6
2.3OJxE7vc8zQ,2.WD0JZiyqZ5.,5
2.BNYTD2iot/k,2.KuOhJvU1bbw,6
2.BNYTD2iot/k,2.INQ5l4phVxc,7
2.NcLl7s4njF2,2.7fWXoKVsBKI,6
2.AhmAWYGFjZ6,2.fZwKz2BcrUU,6
2.eGc/tOJiudo,2.WPAXtWUUycA,7
2.WPAXtWUUycA,2.eGc/tOJiudo,6
2.eGc/tOJiudo,2.RwzHHy9y9uI,5
2.FuOYSjOR.lc,2.VcYzziojvts,1
2.FuOYSjOR.lc,2.5gUSYdWjODY,3
2.KYsn2DfZy2Y,2.JIPUFLR.eeg,6
2.d0mpKXyA25.,2.epJ6550l/E2,1
2.6U.26bm4TqY,2.RwzHHy9y9uI,1
2.6U.26bm4TqY,2.uJyPFUKetSM,1
2.yjJxbs3Ky22,2.uAKvsF/rf1U,5
2.a7uA7uZ5/O2,2.WUk0485hAow,10
2.WUk0485hAow,2.a7uA7uZ5/O2,10
2.9tqb4.6HFHI,2.yZ7Gqn8H2As,6
2.09GII.Ztb.g,2..yNpCM9wUjo,5
2.09GII.Ztb.g,2.umTe9qun5K.,7
2.Ewv/GSyvoGk,2.09GII.Ztb.g,10
2.09GII.Ztb.g,2.JCPslbykl7k,6
2.Ewv/GSyvoGk,2.XZqzQyQX9KA,1
2.09GII.Ztb.g,2.Ewv/GSyvoGk,6
2.Rd6bRVi1I5o,2.NnVKQMDME1U,3
2.Rd6bRVi1I5o,2.3k0NgqJA/gk,3
2.09GII.Ztb.g,2.9NmXR93hH9w,8
2.rpEKL1losOA,2.Tr0xIVsaDmA,7
2.Tr0xIVsaDmA,2.rpEKL1losOA,7
2.Tr0xIVsaDmA,2.RwzHHy9y9uI,5
2.nxlhPrTLjtA,2.oIs4e7l8WLA,7
2.nxlhPrTLjtA,2.VGxlPuj56VE,7
2.nxlhPrTLjtA,2.eOiMH/jd9so,8
2.nxlhPrTLjtA,2.uWsxQACWo2o,8
2.nxlhPrTLjtA,2.F5Pw1q4XWuU,7
2.09GII.Ztb.g,2..yNpCM9wU